AccountNumber,Name,FirstName__c,FirstName__c,Phone
0,null null,,,40.32.2555
0,null null,,,40.32.2555
0,null null,,,40.32.2555
0,null null,,,40.32.2555
0,null null,,,40.32.2555
0,null null,,,40.32.2555
0,null null,,,40.32.2555
0,null null,,,40.32.2555
0,null null,,,40.32.2555
0,null null,,,40.32.2555
0,null null,,,40.32.2555
0,null null,,,40.32.2555
0,null null,,,40.32.2555
0,null null,,,40.32.2555
0,null null,,,40.32.2555
0,null null,,,40.32.2555
0,null null,,,40.32.2555
0,null null,,,40.32.2555
0,null null,,,40.32.2555
0,null null,,,40.32.2555
0,null null,,,40.32.2555
0,null null,,,40.32.2555
0,null null,,,40.32.2555
0,null null,,,40.32.2555
0,null null,,,40.32.2555
0,null null,,,40.32.2555
0,null null,,,40.32.2555
0,null null,,,40.32.2555
0,null null,,,40.32.2555
0,null null,,,40.32.2555
0,null null,,,40.32.2555
0,null null,,,40.32.2555
0,null null,,,40.32.2555
0,null null,,,40.32.2555
0,null null,,,40.32.2555
0,null null,,,40.32.2555
0,null null,,,40.32.2555
0,null null,,,40.32.2555
0,null null,,,40.32.2555
0,null null,,,40.32.2555
0,null null,,,40.32.2555
0,null null,,,40.32.2555
0,null null,,,40.32.2555
0,null null,,,40.32.2555
0,null null,,,40.32.2555
0,null null,,,40.32.2555
0,null null,,,40.32.2555
0,null null,,,40.32.2555
0,null null,,,40.32.2555
0,null null,,,40.32.2555
0,null null,,,40.32.2555
0,null null,,,40.32.2555
0,null null,,,40.32.2555
0,null null,,,40.32.2555
0,null null,,,40.32.2555
0,null null,,,40.32.2555
0,null null,,,40.32.2555
0,null null,,,40.32.2555
0,null null,,,40.32.2555
0,null null,,,40.32.2555
0,null null,,,40.32.2555
0,null null,,,40.32.2555
0,null null,,,40.32.2555
0,null null,,,40.32.2555
0,null null,,,40.32.2555
0,null null,,,40.32.2555
0,null null,,,40.32.2555
0,null null,,,40.32.2555
0,null null,,,40.32.2555
0,null null,,,40.32.2555
0,null null,,,40.32.2555
0,null null,,,40.32.2555
0,null null,,,40.32.2555
0,null null,,,40.32.2555
0,null null,,,40.32.2555
0,null null,,,40.32.2555
0,null null,,,40.32.2555
0,null null,,,40.32.2555
0,null null,,,40.32.2555
0,null null,,,40.32.2555
0,null null,,,40.32.2555
0,null null,,,40.32.2555
0,null null,,,40.32.2555
0,null null,,,40.32.2555
0,null null,,,40.32.2555
0,null null,,,40.32.2555
0,null null,,,40.32.2555
0,null null,,,40.32.2555
0,null null,,,40.32.2555
0,null null,,,40.32.2555
0,null null,,,40.32.2555
0,null null,,,40.32.2555
0,null null,,,40.32.2555
0,null null,,,40.32.2555
0,null null,,,40.32.2555
0,null null,,,40.32.2555
0,null null,,,40.32.2555
0,null null,,,40.32.2555
0,null null,,,40.32.2555
0,null null,,,40.32.2555
0,null null,,,40.32.2555
0,null null,,,40.32.2555
0,null null,,,40.32.2555
0,null null,,,40.32.2555
0,null null,,,40.32.2555
0,null null,,,40.32.2555
0,null null,,,40.32.2555
0,null null,,,40.32.2555
0,null null,,,40.32.2555
0,null null,,,40.32.2555
0,null null,,,40.32.2555
0,null null,,,40.32.2555
0,null null,,,40.32.2555
0,null null,,,40.32.2555
0,null null,,,40.32.2555
0,null null,,,40.32.2555
0,null null,,,40.32.2555
0,null null,,,40.32.2555
0,null null,,,40.32.2555
0,null null,,,40.32.2555
0,null null,,,40.32.2555
0,null null,,,40.32.2555
